repo,path,package,installed_version,fixed_version,vuln_id,severity,cvss,title,start_line,end_line,relationship,status,cwe_ids,published,primary_url,fix_type
defense-factory/ms-user-service,package-lock.json,axios,0.21.1,0.21.2,CVE-2021-3749,HIGH,7.5,nodejs-axios: Regular expression denial of service in trim function,1204,1212,direct,fixed,CWE-1333;CWE-400,2021-08-31,https://avd.aquasec.com/nvd/cve-2021-3749,patch-bump
defense-factory/ms-user-service,package-lock.json,axios,0.21.1,0.30.0,CVE-2025-27152,HIGH,5.3,axios: Possible SSRF and Credential Leakage via Absolute URL in axios Requests,1204,1212,direct,fixed,CWE-918,2025-03-07,https://avd.aquasec.com/nvd/cve-2025-27152,patch-bump
defense-factory/ms-user-service,package-lock.json,axios,0.21.1,0.30.3,CVE-2026-25639,HIGH,7.5,axios: Axios affected by Denial of Service via __proto__ Key in mergeConfig,1204,1212,direct,fixed,CWE-754;CWE-1287,2026-02-09,https://avd.aquasec.com/nvd/cve-2026-25639,patch-bump
defense-factory/ms-user-service,package-lock.json,axios,0.21.1,0.31.1,CVE-2026-42033,HIGH,7.4,axios: Axios: HTTP Transport Hijacking via Prototype Pollution,1204,1212,direct,fixed,CWE-1321;CWE-915,2026-04-24,https://avd.aquasec.com/nvd/cve-2026-42033,patch-bump
defense-factory/ms-user-service,package-lock.json,axios,0.21.1,0.31.1,CVE-2026-42035,HIGH,7.4,axios: Axios: Arbitrary HTTP header injection via prototype pollution,1204,1212,direct,fixed,CWE-113;CWE-1321,2026-04-24,https://avd.aquasec.com/nvd/cve-2026-42035,patch-bump
defense-factory/ms-user-service,package-lock.json,axios,0.21.1,0.31.1,CVE-2026-42043,HIGH,10,axios: Axios: NO_PROXY bypass via crafted URL,1204,1212,direct,fixed,CWE-183;CWE-441;CWE-918,2026-04-24,https://avd.aquasec.com/nvd/cve-2026-42043,patch-bump
defense-factory/ms-user-service,package-lock.json,axios,0.21.1,0.32.0,CVE-2026-44486,HIGH,7.5,axios: Axios: Information disclosure of proxy credentials via HTTP redirects,1204,1212,direct,fixed,CWE-200;CWE-201,2026-06-11,https://avd.aquasec.com/nvd/cve-2026-44486,patch-bump
defense-factory/ms-user-service,package-lock.json,axios,0.21.1,0.32.0,CVE-2026-44487,HIGH,7.5,axios: Axios: Information disclosure of proxy credentials via redirect flows,1204,1212,direct,fixed,CWE-201,2026-06-11,https://avd.aquasec.com/nvd/cve-2026-44487,patch-bump
defense-factory/ms-user-service,package-lock.json,axios,0.21.1,0.32.0,CVE-2026-44492,HIGH,8.6,axios: Axios: Proxy bypass via IPv4-mapped IPv6 address non-normalization,1204,1212,direct,fixed,CWE-918;CWE-289,2026-06-11,https://avd.aquasec.com/nvd/cve-2026-44492,patch-bump
defense-factory/ms-user-service,package-lock.json,axios,0.21.1,0.31.1,CVE-2026-44495,HIGH,7.7,axios: Axios: Information disclosure due to prototype pollution vulnerability,1204,1212,direct,fixed,CWE-94;CWE-1321;CWE-915,2026-06-11,https://avd.aquasec.com/nvd/cve-2026-44495,patch-bump
defense-factory/ms-user-service,package-lock.json,axios,0.21.1,0.32.0,CVE-2026-44496,HIGH,7.5,axios: Axios: Client-side Denial of Service via unescaped regex metacharacters in XSRF cookie name,1204,1212,direct,fixed,CWE-400;CWE-1333,2026-06-11,https://avd.aquasec.com/nvd/cve-2026-44496,patch-bump
defense-factory/ms-user-service,package-lock.json,axios,0.21.1,0.28.0,CVE-2023-45857,MEDIUM,6.5,axios: exposure of confidential data stored in cookies,1204,1212,direct,fixed,CWE-352,2023-11-08,https://avd.aquasec.com/nvd/cve-2023-45857,patch-bump
defense-factory/ms-user-service,package-lock.json,axios,0.21.1,0.31.0,CVE-2025-62718,MEDIUM,9.9,axios: Axios: Server-Side Request Forgery and proxy bypass due to improper hostname normalization,1204,1212,direct,fixed,CWE-441;CWE-918;CWE-1289,2026-04-09,https://avd.aquasec.com/nvd/cve-2025-62718,patch-bump
defense-factory/ms-user-service,package-lock.json,axios,0.21.1,0.31.0,CVE-2026-40175,MEDIUM,4.8,axios: Axios: Remote Code Execution via Prototype Pollution escalation,1204,1212,direct,fixed,CWE-113;CWE-444;CWE-918;CWE-915,2026-04-10,https://avd.aquasec.com/nvd/cve-2026-40175,patch-bump
defense-factory/ms-user-service,package-lock.json,axios,0.21.1,0.31.1,CVE-2026-42034,MEDIUM,5.3,axios: Axios: Denial of Service via oversized streamed uploads bypassing body limits,1204,1212,direct,fixed,CWE-770,2026-04-24,https://avd.aquasec.com/nvd/cve-2026-42034,patch-bump
defense-factory/ms-user-service,package-lock.json,axios,0.21.1,0.31.1,CVE-2026-42036,MEDIUM,5.3,axios: Axios: Denial of Service via unbounded stream consumption when 'responseType: 'stream'' is used,1204,1212,direct,fixed,CWE-770,2026-04-24,https://avd.aquasec.com/nvd/cve-2026-42036,patch-bump
defense-factory/ms-user-service,package-lock.json,axios,0.21.1,0.31.1,CVE-2026-42038,MEDIUM,7.5,axios: Axios: Information disclosure due to `no_proxy` bypass,1204,1212,direct,fixed,CWE-918,2026-04-24,https://avd.aquasec.com/nvd/cve-2026-42038,patch-bump
defense-factory/ms-user-service,package-lock.json,axios,0.21.1,0.31.1,CVE-2026-42039,MEDIUM,7.5,axios: Node.js: Axios: Denial of Service via unbounded recursion in toFormData with deeply nested request data,1204,1212,direct,fixed,CWE-674;CWE-770,2026-04-24,https://avd.aquasec.com/nvd/cve-2026-42039,patch-bump
defense-factory/ms-user-service,package-lock.json,axios,0.21.1,0.31.1,CVE-2026-42041,MEDIUM,6.5,axios: Axios: Authentication bypass due to prototype pollution of HTTP error handling,1204,1212,direct,fixed,CWE-287;CWE-1321;CWE-915,2026-04-24,https://avd.aquasec.com/nvd/cve-2026-42041,patch-bump
defense-factory/ms-user-service,package-lock.json,axios,0.21.1,0.31.1,CVE-2026-42042,MEDIUM,6.1,axios: Axios: XSRF token bypass leading to information disclosure,1204,1212,direct,fixed,CWE-183;CWE-201,2026-04-24,https://avd.aquasec.com/nvd/cve-2026-42042,patch-bump
defense-factory/ms-user-service,package-lock.json,axios,0.21.1,0.32.0,CVE-2026-44490,MEDIUM,8.2,axios: Axios: Information disclosure and denial of service due to prototype pollution,1204,1212,direct,fixed,CWE-1321,2026-06-11,https://avd.aquasec.com/nvd/cve-2026-44490,patch-bump
defense-factory/ms-user-service,package-lock.json,axios,0.21.1,0.33.0,CVE-2026-67316,MEDIUM,7.4,axios: axios: Prototype Pollution allows unauthorized data transmission and network redirection,1204,1212,direct,fixed,CWE-1321,2026-08-01,https://avd.aquasec.com/nvd/cve-2026-67316,patch-bump
defense-factory/ms-user-service,package-lock.json,axios,0.21.1,0.33.0,CVE-2026-67319,MEDIUM,3.7,axios: axios: Information disclosure and data manipulation via prototype pollution,1204,1212,direct,fixed,CWE-1321,2026-08-01,https://avd.aquasec.com/nvd/cve-2026-67319,patch-bump
defense-factory/ms-user-service,package-lock.json,axios,0.21.1,0.31.1,CVE-2026-42040,LOW,3.7,axios: Axios: Incorrect null byte handling can lead to data integrity issues,1204,1212,direct,fixed,CWE-116;CWE-626,2026-04-24,https://avd.aquasec.com/nvd/cve-2026-42040,patch-bump
defense-factory/ms-user-service,package-lock.json,body-parser,1.19.0,1.20.3,CVE-2024-45590,HIGH,7.5,body-parser: Denial of Service Vulnerability in body-parser,1349,1369,indirect,fixed,CWE-405,2024-09-10,https://avd.aquasec.com/nvd/cve-2024-45590,patch-bump
defense-factory/ms-user-service,package-lock.json,body-parser,1.19.0,1.20.6,CVE-2026-12590,LOW,5.9,body-parser: body-parser: Denial of Service via invalid limit option,1349,1369,indirect,fixed,CWE-770,2026-07-09,https://avd.aquasec.com/nvd/cve-2026-12590,patch-bump
defense-factory/ms-user-service,package-lock.json,cookie,0.4.0,0.7.0,CVE-2024-47764,LOW,3.7,"cookie: cookie accepts cookie name, path, and domain with out of bounds characters",1693,1701,indirect,fixed,CWE-74,2024-10-04,https://avd.aquasec.com/nvd/cve-2024-47764,patch-bump
defense-factory/ms-user-service,package-lock.json,express,4.17.1,4.19.2,CVE-2024-29041,MEDIUM,6.1,express: cause malformed URLs to be evaluated,2066,2106,direct,fixed,CWE-601;CWE-1286,2024-03-25,https://avd.aquasec.com/nvd/cve-2024-29041,patch-bump
defense-factory/ms-user-service,package-lock.json,express,4.17.1,4.20.0,CVE-2024-43796,LOW,4.7,express: Improper Input Handling in Express Redirects,2066,2106,direct,fixed,CWE-79,2024-09-10,https://avd.aquasec.com/nvd/cve-2024-43796,patch-bump
defense-factory/ms-user-service,package-lock.json,jsonwebtoken,8.5.1,9.0.0,CVE-2022-23539,HIGH,8.1,jsonwebtoken: Unrestricted key type could lead to legacy keys usagen,3406,3427,direct,fixed,CWE-327,2022-12-23,https://avd.aquasec.com/nvd/cve-2022-23539,major-bump
defense-factory/ms-user-service,package-lock.json,jsonwebtoken,8.5.1,9.0.0,CVE-2022-23540,MEDIUM,7.6,jsonwebtoken: Insecure default algorithm in jwt.verify() could lead to signature validation bypass,3406,3427,direct,fixed,CWE-287;CWE-347,2022-12-22,https://avd.aquasec.com/nvd/cve-2022-23540,major-bump
defense-factory/ms-user-service,package-lock.json,jsonwebtoken,8.5.1,9.0.0,CVE-2022-23541,MEDIUM,6.3,jsonwebtoken: Insecure implementation of key retrieval function could lead to Forgeable Public/Private Tokens from RSA to HMAC,3406,3427,direct,fixed,CWE-287;CWE-1259,2022-12-22,https://avd.aquasec.com/nvd/cve-2022-23541,major-bump
defense-factory/ms-user-service,package-lock.json,lodash,4.17.15,4.17.19,CVE-2020-8203,HIGH,7.4,nodejs-lodash: prototype pollution in zipObjectDeep function,3504,3509,direct,fixed,CWE-770;CWE-1321,2020-07-15,https://avd.aquasec.com/nvd/cve-2020-8203,patch-bump
defense-factory/ms-user-service,package-lock.json,lodash,4.17.15,4.17.21,CVE-2021-23337,HIGH,7.2,nodejs-lodash: command injection via template,3504,3509,direct,fixed,CWE-94,2021-02-15,https://avd.aquasec.com/nvd/cve-2021-23337,patch-bump
defense-factory/ms-user-service,package-lock.json,lodash,4.17.15,4.18.0,CVE-2026-4800,HIGH,9.8,lodash: lodash: Arbitrary code execution via untrusted input in template imports,3504,3509,direct,fixed,CWE-94,2026-03-31,https://avd.aquasec.com/nvd/cve-2026-4800,patch-bump
defense-factory/ms-user-service,package-lock.json,lodash,4.17.15,>=4.17.19,NSWG-ECO-516,HIGH,,Allocation of Resources Without Limits or Throttling,3504,3509,direct,fixed,,,https://www.npmjs.com/advisories/1523,patch-bump
defense-factory/ms-user-service,package-lock.json,lodash,4.17.15,4.17.21,CVE-2020-28500,MEDIUM,5.3,"nodejs-lodash: ReDoS via the toNumber, trim and trimEnd functions",3504,3509,direct,fixed,,2021-02-15,https://avd.aquasec.com/nvd/cve-2020-28500,patch-bump
defense-factory/ms-user-service,package-lock.json,lodash,4.17.15,4.17.23,CVE-2025-13465,MEDIUM,5.3,lodash: prototype pollution in _.unset and _.omit functions,3504,3509,direct,fixed,CWE-1321,2026-01-21,https://avd.aquasec.com/nvd/cve-2025-13465,patch-bump
defense-factory/ms-user-service,package-lock.json,lodash,4.17.15,4.18.0,CVE-2026-2950,MEDIUM,5.3,lodash: Lodash: Prototype pollution allows deletion of built-in prototype properties via array path bypass,3504,3509,direct,fixed,CWE-1321,2026-03-31,https://avd.aquasec.com/nvd/cve-2026-2950,patch-bump
defense-factory/ms-user-service,package-lock.json,path-to-regexp,0.1.7,0.1.10,CVE-2024-45296,HIGH,5.3,path-to-regexp: Backtracking regular expressions cause ReDoS,3945,3950,indirect,fixed,CWE-1333,2024-09-09,https://avd.aquasec.com/nvd/cve-2024-45296,patch-bump
defense-factory/ms-user-service,package-lock.json,path-to-regexp,0.1.7,0.1.12,CVE-2024-52798,HIGH,5.3,path-to-regexp: path-to-regexp Unpatched `path-to-regexp` ReDoS in 0.1.x,3945,3950,indirect,fixed,CWE-1333,2024-12-05,https://avd.aquasec.com/nvd/cve-2024-52798,patch-bump
defense-factory/ms-user-service,package-lock.json,path-to-regexp,0.1.7,0.1.13,CVE-2026-4867,HIGH,5.3,path-to-regexp: path-to-regexp: Denial of Service via catastrophic backtracking from malformed URL parameters,3945,3950,indirect,fixed,CWE-1333,2026-03-26,https://avd.aquasec.com/nvd/cve-2026-4867,patch-bump
defense-factory/ms-user-service,package-lock.json,qs,6.7.0,6.7.3,CVE-2022-24999,HIGH,7.5,"express: ""qs"" prototype poisoning causes the hang of the node process",4066,4074,indirect,fixed,CWE-1321,2022-11-26,https://avd.aquasec.com/nvd/cve-2022-24999,patch-bump
defense-factory/ms-user-service,package-lock.json,qs,6.7.0,6.14.1,CVE-2025-15284,MEDIUM,7.5,qs: qs: Denial of Service via improper input validation in array parsing,4066,4074,indirect,fixed,CWE-20,2025-12-29,https://avd.aquasec.com/nvd/cve-2025-15284,patch-bump
defense-factory/ms-user-service,package-lock.json,qs,6.7.0,6.16.0,CVE-2026-82417,MEDIUM,7.5,qs: qs: Denial of Service via improper validation in stringify function,4066,4074,indirect,fixed,CWE-248;CWE-703,2026-08-30,https://avd.aquasec.com/nvd/cve-2026-82417,patch-bump
defense-factory/ms-user-service,package-lock.json,qs,6.7.0,6.14.2,CVE-2026-2391,LOW,7.5,qs: qs's arrayLimit bypass in comma parsing allows denial of service,4066,4074,indirect,fixed,CWE-20,2026-02-12,https://avd.aquasec.com/nvd/cve-2026-2391,patch-bump
defense-factory/ms-user-service,package-lock.json,send,0.17.1,0.19.0,CVE-2024-43799,LOW,4.7,send: Code Execution Vulnerability in Send Library,4193,4216,indirect,fixed,CWE-79,2024-09-10,https://avd.aquasec.com/nvd/cve-2024-43799,patch-bump
defense-factory/ms-user-service,package-lock.json,serve-static,1.14.1,1.16.0,CVE-2024-43800,LOW,4.7,serve-static: Improper Sanitization in serve-static,4223,4237,indirect,fixed,CWE-79,2024-09-10,https://avd.aquasec.com/nvd/cve-2024-43800,patch-bump
defense-factory/ms-payment-service,requirements.txt,PyYAML,5.3.1,5.4,CVE-2020-14343,CRITICAL,9.8,PyYAML: incomplete fix for CVE-2020-1747,4,4,,fixed,CWE-20,2021-02-09,https://avd.aquasec.com/nvd/cve-2020-14343,patch-bump
defense-factory/ms-payment-service,requirements.txt,cryptography,3.3.2,39.0.1,CVE-2023-0286,HIGH,7.4,openssl: X.400 address type confusion in X.509 GeneralName,5,5,,fixed,CWE-843,2023-02-08,https://avd.aquasec.com/nvd/cve-2023-0286,major-bump
defense-factory/ms-payment-service,requirements.txt,cryptography,3.3.2,42.0.0,CVE-2023-50782,HIGH,7.5,python-cryptography: Bleichenbacher timing oracle attack against RSA decryption - incomplete fix for CVE-2020-25659,5,5,,fixed,CWE-203,2024-02-05,https://avd.aquasec.com/nvd/cve-2023-50782,major-bump
defense-factory/ms-payment-service,requirements.txt,cryptography,3.3.2,46.0.5,CVE-2026-26007,HIGH,6.5,cryptography: cryptography Subgroup Attack Due to Missing Subgroup Validation for SECT Curves,5,5,,fixed,CWE-345;CWE-354,2026-02-10,https://avd.aquasec.com/nvd/cve-2026-26007,major-bump
defense-factory/ms-payment-service,requirements.txt,cryptography,3.3.2,48.0.1,GHSA-537c-gmf6-5ccf,HIGH,7.5,Vulnerable OpenSSL included in cryptography wheels,5,5,,fixed,,2026-06-15,https://github.com/advisories/GHSA-537c-gmf6-5ccf,major-bump
defense-factory/ms-payment-service,requirements.txt,cryptography,3.3.2,39.0.1,CVE-2023-23931,MEDIUM,6.5,python-cryptography: memory corruption via immutable objects,5,5,,fixed,CWE-754,2023-02-07,https://avd.aquasec.com/nvd/cve-2023-23931,major-bump
defense-factory/ms-payment-service,requirements.txt,cryptography,3.3.2,41.0.6,CVE-2023-49083,MEDIUM,7.5,python-cryptography: NULL-dereference when loading PKCS7 certificates,5,5,,fixed,CWE-476,2023-11-29,https://avd.aquasec.com/nvd/cve-2023-49083,major-bump
defense-factory/ms-payment-service,requirements.txt,cryptography,3.3.2,42.0.2,CVE-2024-0727,MEDIUM,5.5,openssl: denial of service via null dereference,5,5,,fixed,CWE-476,2024-01-26,https://avd.aquasec.com/nvd/cve-2024-0727,major-bump
defense-factory/ms-payment-service,requirements.txt,cryptography,3.3.2,46.0.6,CVE-2026-34073,LOW,5.3,python-cryptography: Cryptography: Security bypass due to improper DNS name constraint validation,5,5,,fixed,CWE-295,2026-03-31,https://avd.aquasec.com/nvd/cve-2026-34073,major-bump
defense-factory/ms-payment-service,requirements.txt,cryptography,3.3.2,41.0.0,GHSA-5cpq-8wj7-hf2v,LOW,,Vulnerable OpenSSL included in cryptography wheels,5,5,,fixed,,2023-06-02,https://github.com/advisories/GHSA-5cpq-8wj7-hf2v,major-bump
defense-factory/ms-payment-service,requirements.txt,cryptography,3.3.2,41.0.3,GHSA-jm77-qphf-c4w8,LOW,,pyca/cryptography's wheels include vulnerable OpenSSL,5,5,,fixed,,2023-08-01,https://github.com/advisories/GHSA-jm77-qphf-c4w8,major-bump
defense-factory/ms-payment-service,requirements.txt,cryptography,3.3.2,41.0.4,GHSA-v8gr-m533-ghj9,LOW,,Vulnerable OpenSSL included in cryptography wheels,5,5,,fixed,,2023-09-21,https://github.com/advisories/GHSA-v8gr-m533-ghj9,major-bump
defense-factory/ms-payment-service,requirements.txt,requests,2.25.1,2.31.0,CVE-2023-32681,MEDIUM,6.1,python-requests: Unintended leak of Proxy-Authorization header,3,3,,fixed,CWE-200,2023-05-26,https://avd.aquasec.com/nvd/cve-2023-32681,patch-bump
defense-factory/ms-payment-service,requirements.txt,requests,2.25.1,2.32.0,CVE-2024-35195,MEDIUM,5.6,requests: subsequent requests to the same host ignore cert verification,3,3,,fixed,CWE-670,2024-05-20,https://avd.aquasec.com/nvd/cve-2024-35195,patch-bump
defense-factory/ms-payment-service,requirements.txt,requests,2.25.1,2.32.4,CVE-2024-47081,MEDIUM,5.3,requests: Requests vulnerable to .netrc credentials leak via malicious URLs,3,3,,fixed,CWE-522,2025-06-09,https://avd.aquasec.com/nvd/cve-2024-47081,patch-bump
defense-factory/ms-payment-service,requirements.txt,requests,2.25.1,2.33.0,CVE-2026-25645,MEDIUM,5.5,requests: Requests: Security bypass due to predictable temporary file creation,3,3,,fixed,CWE-377,2026-03-25,https://avd.aquasec.com/nvd/cve-2026-25645,patch-bump
defense-factory/ms-payment-service,requirements.txt,urllib3,1.26.4,1.26.5,CVE-2021-33503,HIGH,7.5,python-urllib3: ReDoS in the parsing of authority part of URL,6,6,,fixed,CWE-400,2021-06-29,https://avd.aquasec.com/nvd/cve-2021-33503,major-bump
defense-factory/ms-payment-service,requirements.txt,urllib3,1.26.4,1.26.17,CVE-2023-43804,HIGH,8.1,python-urllib3: Cookie request header isn't stripped during cross-origin redirects,6,6,,fixed,CWE-200,2023-10-04,https://avd.aquasec.com/nvd/cve-2023-43804,major-bump
defense-factory/ms-payment-service,requirements.txt,urllib3,1.26.4,2.6.0,CVE-2025-66418,HIGH,7.5,urllib3: urllib3: Unbounded decompression chain leads to resource exhaustion,6,6,,fixed,CWE-770,2025-12-05,https://avd.aquasec.com/nvd/cve-2025-66418,major-bump
defense-factory/ms-payment-service,requirements.txt,urllib3,1.26.4,2.6.0,CVE-2025-66471,HIGH,7.5,urllib3: urllib3 Streaming API improperly handles highly compressed data,6,6,,fixed,CWE-409,2025-12-05,https://avd.aquasec.com/nvd/cve-2025-66471,major-bump
defense-factory/ms-payment-service,requirements.txt,urllib3,1.26.4,2.6.3,CVE-2026-21441,HIGH,7.5,urllib3: urllib3 vulnerable to decompression-bomb safeguard bypass when following HTTP redirects (streaming API),6,6,,fixed,CWE-409,2026-01-07,https://avd.aquasec.com/nvd/cve-2026-21441,major-bump
defense-factory/ms-payment-service,requirements.txt,urllib3,1.26.4,2.7.0,CVE-2026-44431,HIGH,5.3,urllib3: urllib3: Information disclosure via cross-origin redirects forwarding sensitive headers,6,6,,fixed,CWE-200,2026-05-13,https://avd.aquasec.com/nvd/cve-2026-44431,major-bump
defense-factory/ms-payment-service,requirements.txt,urllib3,1.26.4,1.26.18,CVE-2023-45803,MEDIUM,4.2,urllib3: Request body not stripped after redirect from 303 status changes request method to GET,6,6,,fixed,CWE-200,2023-10-17,https://avd.aquasec.com/nvd/cve-2023-45803,major-bump
defense-factory/ms-payment-service,requirements.txt,urllib3,1.26.4,1.26.19,CVE-2024-37891,MEDIUM,6.5,urllib3: proxy-authorization request header is not stripped during cross-origin redirects,6,6,,fixed,CWE-669,2024-06-17,https://avd.aquasec.com/nvd/cve-2024-37891,major-bump
defense-factory/ms-payment-service,requirements.txt,urllib3,1.26.4,2.5.0,CVE-2025-50181,MEDIUM,6.1,urllib3: urllib3 redirects are not disabled when retries are disabled on PoolManager instantiation,6,6,,fixed,CWE-601,2025-06-19,https://avd.aquasec.com/nvd/cve-2025-50181,major-bump
defense-factory/ms-inventory-service,go.mod,github.com/dgrijalva/jwt-go,v3.2.0+incompatible,,CVE-2020-26160,HIGH,7.5,jwt-go: access restriction bypass vulnerability,,,direct,affected,CWE-287;CWE-755,2020-09-30,https://avd.aquasec.com/nvd/cve-2020-26160,package-replacement
defense-factory/ms-inventory-service,go.mod,github.com/go-chi/chi/v5,v5.0.8,5.2.2,GHSA-vrw8-fxc6-2r93,MEDIUM,,chi Allows Host Header Injection which Leads to Open Redirect in RedirectSlashes,,,direct,fixed,,2025-06-20,https://github.com/advisories/GHSA-vrw8-fxc6-2r93,patch-bump
defense-factory/ms-inventory-service,go.mod,golang.org/x/crypto,v0.0.0-20201216223049-8b5274cf687f,0.55.0,CVE-2026-56854,CRITICAL,9.1,golang.org/x/crypto/ssh: golang.org/x/crypto/ssh: Authentication bypass due to unenforced source-address restrictions,,,direct,fixed,CWE-863,2026-08-28,https://avd.aquasec.com/nvd/cve-2026-56854,patch-bump
defense-factory/ms-inventory-service,go.mod,golang.org/x/crypto,v0.0.0-20201216223049-8b5274cf687f,0.0.0-20211202192323-5770296d904e,CVE-2021-43565,HIGH,7.5,golang.org/x/crypto: empty plaintext packet causes panic,,,direct,fixed,,2022-09-06,https://avd.aquasec.com/nvd/cve-2021-43565,patch-bump
defense-factory/ms-inventory-service,go.mod,golang.org/x/crypto,v0.0.0-20201216223049-8b5274cf687f,0.0.0-20220314234659-1baeb1ce4c0b,CVE-2022-27191,HIGH,7.5,golang: crash in a golang.org/x/crypto/ssh server,,,direct,fixed,,2022-03-18,https://avd.aquasec.com/nvd/cve-2022-27191,patch-bump
defense-factory/ms-inventory-service,go.mod,golang.org/x/crypto,v0.0.0-20201216223049-8b5274cf687f,0.31.0,CVE-2024-45337,HIGH,8.2,golang.org/x/crypto/ssh: Misuse of ServerConfig.PublicKeyCallback may cause authorization bypass in golang.org/x/crypto,,,direct,fixed,,2024-12-12,https://avd.aquasec.com/nvd/cve-2024-45337,patch-bump
defense-factory/ms-inventory-service,go.mod,golang.org/x/crypto,v0.0.0-20201216223049-8b5274cf687f,0.35.0,CVE-2025-22869,HIGH,7.5,golang.org/x/crypto/ssh: Denial of Service in the Key Exchange of golang.org/x/crypto/ssh,,,direct,fixed,CWE-770,2025-02-26,https://avd.aquasec.com/nvd/cve-2025-22869,patch-bump
defense-factory/ms-inventory-service,go.mod,golang.org/x/crypto,v0.0.0-20201216223049-8b5274cf687f,0.43.0,CVE-2025-47913,HIGH,7.5,golang.org/x/crypto/ssh/agent: golang.org/x/crypto/ssh/agent: SSH client panic due to unexpected SSH_AGENT_SUCCESS,,,direct,fixed,CWE-617,2025-11-13,https://avd.aquasec.com/nvd/cve-2025-47913,patch-bump
defense-factory/ms-inventory-service,go.mod,golang.org/x/crypto,v0.0.0-20201216223049-8b5274cf687f,0.52.0,CVE-2026-39828,HIGH,8.8,golang.org/x/crypto/ssh: golang.org/x/crypto/ssh: Unauthorized command execution via discarded SSH permissions,,,direct,fixed,CWE-295;CWE-281,2026-05-22,https://avd.aquasec.com/nvd/cve-2026-39828,patch-bump
defense-factory/ms-inventory-service,go.mod,golang.org/x/crypto,v0.0.0-20201216223049-8b5274cf687f,0.52.0,CVE-2026-39829,HIGH,7.5,golang.org/x/crypto/ssh: golang.org/x/crypto/ssh: Denial of Service via crafted public key with excessive parameters,,,direct,fixed,CWE-347;CWE-1284,2026-05-22,https://avd.aquasec.com/nvd/cve-2026-39829,patch-bump
defense-factory/ms-inventory-service,go.mod,golang.org/x/crypto,v0.0.0-20201216223049-8b5274cf687f,0.52.0,CVE-2026-39830,HIGH,7.5,golang.org/x/crypto/ssh: golang.org/x/crypto/ssh: Denial of Service via resource leak from unsolicited SSH responses,,,direct,fixed,CWE-119;CWE-772,2026-05-22,https://avd.aquasec.com/nvd/cve-2026-39830,patch-bump
defense-factory/ms-inventory-service,go.mod,golang.org/x/crypto,v0.0.0-20201216223049-8b5274cf687f,0.52.0,CVE-2026-39831,HIGH,8.1,golang.org/x/crypto/ssh: golang.org/x/crypto/ssh: Security key bypass due to missing user presence check,,,direct,fixed,CWE-862,2026-05-22,https://avd.aquasec.com/nvd/cve-2026-39831,patch-bump
defense-factory/ms-inventory-service,go.mod,golang.org/x/crypto,v0.0.0-20201216223049-8b5274cf687f,0.52.0,CVE-2026-39832,HIGH,8.7,golang.org/x/crypto/ssh/agent: golang.org/x/crypto/ssh/agent: Security bypass due to improper handling of key restrictions,,,direct,fixed,CWE-502;CWE-281,2026-05-22,https://avd.aquasec.com/nvd/cve-2026-39832,patch-bump
defense-factory/ms-inventory-service,go.mod,golang.org/x/crypto,v0.0.0-20201216223049-8b5274cf687f,0.52.0,CVE-2026-39835,HIGH,7.5,golang.org/x/crypto/ssh: golang: golang.org/x/crypto/ssh: Denial of Service via crafted SSH certificate,,,direct,fixed,CWE-295;CWE-476,2026-05-22,https://avd.aquasec.com/nvd/cve-2026-39835,patch-bump
defense-factory/ms-inventory-service,go.mod,golang.org/x/crypto,v0.0.0-20201216223049-8b5274cf687f,0.52.0,CVE-2026-42508,HIGH,7.4,golang.org/x/crypto/ssh/knownhosts: golang: golang.org/x/crypto/ssh/knownhosts: Revocation bypass via unchecked SignatureKey,,,direct,fixed,CWE-295,2026-05-22,https://avd.aquasec.com/nvd/cve-2026-42508,patch-bump
defense-factory/ms-inventory-service,go.mod,golang.org/x/crypto,v0.0.0-20201216223049-8b5274cf687f,0.52.0,CVE-2026-46595,HIGH,7.1,golang.org/x/crypto/ssh: golang.org/x/crypto/ssh: Authorization bypass due to skipped source-address validation,,,direct,fixed,CWE-863;CWE-303,2026-05-22,https://avd.aquasec.com/nvd/cve-2026-46595,patch-bump
defense-factory/ms-inventory-service,go.mod,golang.org/x/crypto,v0.0.0-20201216223049-8b5274cf687f,0.52.0,CVE-2026-46597,HIGH,7.5,golang.org/x/crypto/ssh: golang.org/x/crypto/ssh: Denial of Service via crafted AES-GCM packet decoder inputs,,,direct,fixed,CWE-704,2026-05-22,https://avd.aquasec.com/nvd/cve-2026-46597,patch-bump
defense-factory/ms-inventory-service,go.mod,golang.org/x/crypto,v0.0.0-20201216223049-8b5274cf687f,0.17.0,CVE-2023-48795,MEDIUM,5.9,ssh: Prefix truncation attack on Binary Packet Protocol (BPP),,,direct,fixed,CWE-354,2023-12-18,https://avd.aquasec.com/nvd/cve-2023-48795,patch-bump
defense-factory/ms-inventory-service,go.mod,golang.org/x/crypto,v0.0.0-20201216223049-8b5274cf687f,0.45.0,CVE-2025-47914,MEDIUM,5.3,golang.org/x/crypto/ssh/agent: SSH Agent servers: Denial of Service due to malformed messages,,,direct,fixed,CWE-125,2025-11-19,https://avd.aquasec.com/nvd/cve-2025-47914,patch-bump
defense-factory/ms-inventory-service,go.mod,golang.org/x/crypto,v0.0.0-20201216223049-8b5274cf687f,0.45.0,CVE-2025-58181,MEDIUM,5.3,golang.org/x/crypto/ssh: golang.org/x/crypto/ssh: Denial of Service via unbounded memory consumption in GSSAPI authentication,,,direct,fixed,CWE-770,2025-11-19,https://avd.aquasec.com/nvd/cve-2025-58181,patch-bump
defense-factory/ms-inventory-service,go.mod,golang.org/x/crypto,v0.0.0-20201216223049-8b5274cf687f,0.52.0,CVE-2026-39827,MEDIUM,6.5,golang.org/x/crypto/ssh: golang: golang.org/x/crypto/ssh: Denial of Service via repeated rejected channel openings,,,direct,fixed,CWE-924,2026-05-22,https://avd.aquasec.com/nvd/cve-2026-39827,patch-bump
defense-factory/ms-inventory-service,go.mod,golang.org/x/crypto,v0.0.0-20201216223049-8b5274cf687f,0.52.0,CVE-2026-39833,MEDIUM,5.5,golang.org/x/crypto/ssh/agent: golang.org/x/crypto/ssh/agent: Security bypass due to unenforced key confirmation,,,direct,fixed,CWE-862,2026-05-22,https://avd.aquasec.com/nvd/cve-2026-39833,patch-bump
defense-factory/ms-inventory-service,go.mod,golang.org/x/crypto,v0.0.0-20201216223049-8b5274cf687f,0.52.0,CVE-2026-39834,MEDIUM,6.5,golang.org/x/crypto/ssh: golang: golang.org/x/crypto/ssh: Denial of Service due to integer overflow in SSH channel write,,,direct,fixed,CWE-190,2026-05-22,https://avd.aquasec.com/nvd/cve-2026-39834,patch-bump
defense-factory/ms-inventory-service,go.mod,golang.org/x/crypto,v0.0.0-20201216223049-8b5274cf687f,0.52.0,CVE-2026-46598,MEDIUM,5.3,golang.org/x/crypto/ssh/agent: golang: golang.org/x/crypto/ssh/agent: Denial of Service via malformed input,,,direct,fixed,CWE-129,2026-05-22,https://avd.aquasec.com/nvd/cve-2026-46598,patch-bump
defense-factory/ms-inventory-service,go.mod,golang.org/x/crypto,v0.0.0-20201216223049-8b5274cf687f,0.56.0,CVE-2026-56855,MEDIUM,5.3,golang.org/x/crypto/ssh: golang.org/x/crypto/ssh: Denial of Service via crafted messages,,,direct,fixed,CWE-770,2026-09-02,https://avd.aquasec.com/nvd/cve-2026-56855,patch-bump
defense-factory/ms-inventory-service,go.mod,golang.org/x/crypto,v0.0.0-20201216223049-8b5274cf687f,0.56.0,CVE-2026-78662,MEDIUM,5.3,golang.org/x/crypto/ssh: golang.org/x/crypto/ssh: Denial of Service via channel request flooding,,,direct,fixed,CWE-770,2026-09-02,https://avd.aquasec.com/nvd/cve-2026-78662,patch-bump
defense-factory/ms-inventory-service,go.mod,golang.org/x/crypto,v0.0.0-20201216223049-8b5274cf687f,0.0.0-20220525230936-793ad666bf5e,CVE-2022-30636,UNKNOWN,,httpTokenCacheKey uses path.Base to extract the expected HTTP-01 token ...,,,direct,fixed,,2024-07-02,https://avd.aquasec.com/nvd/cve-2022-30636,patch-bump
defense-factory/ms-inventory-service,go.mod,golang.org/x/net,v0.0.0-20190404232315-eb5bcb51f2a3,0.0.0-20190813141303-74dc4d7220e7,CVE-2019-9512,HIGH,7.5,HTTP/2: flood using PING frames results in unbounded memory growth,,,indirect,fixed,CWE-400,2019-08-13,https://avd.aquasec.com/nvd/cve-2019-9512,patch-bump
defense-factory/ms-inventory-service,go.mod,golang.org/x/net,v0.0.0-20190404232315-eb5bcb51f2a3,0.0.0-20210520170846-37e1c6afe023,CVE-2021-33194,HIGH,7.5,golang: x/net/html: infinite loop in ParseFragment,,,indirect,fixed,CWE-835,2021-05-26,https://avd.aquasec.com/nvd/cve-2021-33194,patch-bump
defense-factory/ms-inventory-service,go.mod,golang.org/x/net,v0.0.0-20190404232315-eb5bcb51f2a3,0.0.0-20211209124913-491a49abca63,CVE-2021-44716,HIGH,7.5,golang: net/http: limit growth of header canonicalization cache,,,indirect,fixed,CWE-400,2022-01-01,https://avd.aquasec.com/nvd/cve-2021-44716,patch-bump
defense-factory/ms-inventory-service,go.mod,golang.org/x/net,v0.0.0-20190404232315-eb5bcb51f2a3,0.0.0-20220906165146-f3363e06e74c,CVE-2022-27664,HIGH,7.5,golang: net/http: handle server errors after sending GOAWAY,,,indirect,fixed,,2022-09-06,https://avd.aquasec.com/nvd/cve-2022-27664,patch-bump
defense-factory/ms-inventory-service,go.mod,golang.org/x/net,v0.0.0-20190404232315-eb5bcb51f2a3,0.7.0,CVE-2022-41723,HIGH,7.5,golang.org/x/net/http2: avoid quadratic complexity in HPACK decoding,,,indirect,fixed,,2023-02-28,https://avd.aquasec.com/nvd/cve-2022-41723,patch-bump
defense-factory/ms-inventory-service,go.mod,golang.org/x/net,v0.0.0-20190404232315-eb5bcb51f2a3,0.17.0,CVE-2023-39325,HIGH,7.5,"golang: net/http, x/net/http2: rapid stream resets can cause excessive work (CVE-2023-44487)",,,indirect,fixed,CWE-770,2023-10-11,https://avd.aquasec.com/nvd/cve-2023-39325,patch-bump
defense-factory/ms-inventory-service,go.mod,golang.org/x/net,v0.0.0-20190404232315-eb5bcb51f2a3,0.23.0,CVE-2023-45288,HIGH,7.5,"golang: net/http, x/net/http2: unlimited number of CONTINUATION frames causes DoS",,,indirect,fixed,,2024-04-04,https://avd.aquasec.com/nvd/cve-2023-45288,patch-bump
defense-factory/ms-inventory-service,go.mod,golang.org/x/net,v0.0.0-20190404232315-eb5bcb51f2a3,0.33.0,CVE-2024-45338,HIGH,7.5,golang.org/x/net/html: Non-linear parsing of case-insensitive content in golang.org/x/net/html,,,indirect,fixed,CWE-1333,2024-12-18,https://avd.aquasec.com/nvd/cve-2024-45338,patch-bump
defense-factory/ms-inventory-service,go.mod,golang.org/x/net,v0.0.0-20190404232315-eb5bcb51f2a3,0.55.0,CVE-2026-25681,HIGH,8.1,golang.org/x/net/html: golang.org/x/net/html: Arbitrary code execution via Cross-Site Scripting,,,indirect,fixed,CWE-1021,2026-05-22,https://avd.aquasec.com/nvd/cve-2026-25681,patch-bump
defense-factory/ms-inventory-service,go.mod,golang.org/x/net,v0.0.0-20190404232315-eb5bcb51f2a3,0.55.0,CVE-2026-27136,HIGH,8.1,golang.org/x/net/html: golang: golang.org/x/net/html: Cross-Site Scripting via HTML parsing bypass,,,indirect,fixed,CWE-1021,2026-05-22,https://avd.aquasec.com/nvd/cve-2026-27136,patch-bump
defense-factory/ms-inventory-service,go.mod,golang.org/x/net,v0.0.0-20190404232315-eb5bcb51f2a3,0.53.0,CVE-2026-33814,HIGH,7.5,net/http/internal/http2: golang: golang.org/x/net: Go HTTP/2: Denial of Service via malformed SETTINGS_MAX_FRAME_SIZE frame,,,indirect,fixed,CWE-835;CWE-606,2026-05-07,https://avd.aquasec.com/nvd/cve-2026-33814,patch-bump
defense-factory/ms-inventory-service,go.mod,golang.org/x/net,v0.0.0-20190404232315-eb5bcb51f2a3,0.55.0,CVE-2026-39821,HIGH,8.2,golang.org/x/net/idna: golang: net/http: golang.org/x/net/idna: Privilege escalation via incorrect Punycode label processing,,,indirect,fixed,CWE-1289,2026-05-22,https://avd.aquasec.com/nvd/cve-2026-39821,patch-bump
defense-factory/ms-inventory-service,go.mod,golang.org/x/net,v0.0.0-20190404232315-eb5bcb51f2a3,0.56.0,CVE-2026-46600,HIGH,7.5,golang.org/x/net/dns/dnsmessage: golang.org/x/net/dns/dnsmessage: Denial of Service via invalid DNS record parsing,,,indirect,fixed,CWE-125,2026-07-21,https://avd.aquasec.com/nvd/cve-2026-46600,patch-bump
defense-factory/ms-inventory-service,go.mod,golang.org/x/net,v0.0.0-20190404232315-eb5bcb51f2a3,0.0.0-20210428140749-89ef3d95e781,CVE-2021-31525,MEDIUM,5.9,golang: net/http: panic in ReadRequest and ReadResponse when reading a very large header,,,indirect,fixed,CWE-674,2021-05-27,https://avd.aquasec.com/nvd/cve-2021-31525,patch-bump
defense-factory/ms-inventory-service,go.mod,golang.org/x/net,v0.0.0-20190404232315-eb5bcb51f2a3,0.4.0,CVE-2022-41717,MEDIUM,5.3,golang: net/http: excessive memory growth in a Go server accepting HTTP/2 requests,,,indirect,fixed,CWE-770,2022-12-08,https://avd.aquasec.com/nvd/cve-2022-41717,patch-bump
defense-factory/ms-inventory-service,go.mod,golang.org/x/net,v0.0.0-20190404232315-eb5bcb51f2a3,0.13.0,CVE-2023-3978,MEDIUM,6.1,golang.org/x/net/html: Cross site scripting,,,indirect,fixed,CWE-79,2023-08-02,https://avd.aquasec.com/nvd/cve-2023-3978,patch-bump
defense-factory/ms-inventory-service,go.mod,golang.org/x/net,v0.0.0-20190404232315-eb5bcb51f2a3,0.36.0,CVE-2025-22870,MEDIUM,4.4,golang.org/x/net/proxy: golang.org/x/net/http/httpproxy: HTTP Proxy bypass using IPv6 Zone IDs in golang.org/x/net,,,indirect,fixed,CWE-115,2025-03-12,https://avd.aquasec.com/nvd/cve-2025-22870,patch-bump
defense-factory/ms-inventory-service,go.mod,golang.org/x/net,v0.0.0-20190404232315-eb5bcb51f2a3,0.38.0,CVE-2025-22872,MEDIUM,6.5,golang.org/x/net/html: Incorrect Neutralization of Input During Web Page Generation in x/net in golang.org/x/net,,,indirect,fixed,,2025-04-16,https://avd.aquasec.com/nvd/cve-2025-22872,patch-bump
defense-factory/ms-inventory-service,go.mod,golang.org/x/net,v0.0.0-20190404232315-eb5bcb51f2a3,0.45.0,CVE-2025-47911,MEDIUM,5.3,golang.org/x/net/html: Quadratic parsing complexity in golang.org/x/net/html,,,indirect,fixed,,2026-02-05,https://avd.aquasec.com/nvd/cve-2025-47911,patch-bump
defense-factory/ms-inventory-service,go.mod,golang.org/x/net,v0.0.0-20190404232315-eb5bcb51f2a3,0.45.0,CVE-2025-58190,MEDIUM,5.3,golang.org/x/net/html: Infinite parsing loop in golang.org/x/net,,,indirect,fixed,CWE-835,2026-02-05,https://avd.aquasec.com/nvd/cve-2025-58190,patch-bump
defense-factory/ms-inventory-service,go.mod,golang.org/x/net,v0.0.0-20190404232315-eb5bcb51f2a3,0.55.0,CVE-2026-25680,MEDIUM,6.5,golang.org/x/net/html: golang.org/x/net/html: Denial of Service due to excessive HTML parsing,,,indirect,fixed,CWE-400,2026-05-22,https://avd.aquasec.com/nvd/cve-2026-25680,patch-bump
defense-factory/ms-inventory-service,go.mod,golang.org/x/net,v0.0.0-20190404232315-eb5bcb51f2a3,0.55.0,CVE-2026-42502,MEDIUM,6.1,golang.org/x/net/html: golang: golang.org/x/net/html: Cross-Site Scripting via unexpected HTML tree rendering,,,indirect,fixed,CWE-1021,2026-05-22,https://avd.aquasec.com/nvd/cve-2026-42502,patch-bump
defense-factory/ms-inventory-service,go.mod,golang.org/x/net,v0.0.0-20190404232315-eb5bcb51f2a3,0.55.0,CVE-2026-42506,MEDIUM,5.4,golang.org/x/net/html: golang.org/x/net/html: Cross-Site Scripting (XSS) via arbitrary HTML parsing,,,indirect,fixed,CWE-79,2026-05-22,https://avd.aquasec.com/nvd/cve-2026-42506,patch-bump
defense-factory/ms-inventory-service,go.mod,golang.org/x/sys,v0.0.0-20191026070338-33540a1f6037,0.0.0-20220412211240-33da011f77ad,CVE-2022-29526,MEDIUM,5.3,golang: syscall: faccessat checks wrong group,,,indirect,fixed,CWE-269,2022-06-23,https://avd.aquasec.com/nvd/cve-2022-29526,patch-bump
defense-factory/ms-inventory-service,go.mod,golang.org/x/sys,v0.0.0-20191026070338-33540a1f6037,0.44.0,CVE-2026-39824,UNKNOWN,,Invoking integer overflow in NewNTUnicodeString in golang.org/x/sys/windows,,,indirect,fixed,CWE-190,2026-05-22,https://avd.aquasec.com/nvd/cve-2026-39824,patch-bump
defense-factory/ms-inventory-service,go.mod,golang.org/x/text,v0.3.0,0.3.3,CVE-2020-14040,HIGH,7.5,golang.org/x/text: possibility to trigger an infinite loop in encoding/unicode could lead to crash,,,indirect,fixed,CWE-835,2020-06-17,https://avd.aquasec.com/nvd/cve-2020-14040,patch-bump
defense-factory/ms-inventory-service,go.mod,golang.org/x/text,v0.3.0,0.3.7,CVE-2021-38561,HIGH,7.5,golang: out-of-bounds read in golang.org/x/text/language leads to DoS,,,indirect,fixed,CWE-125,2022-12-26,https://avd.aquasec.com/nvd/cve-2021-38561,patch-bump
defense-factory/ms-inventory-service,go.mod,golang.org/x/text,v0.3.0,0.3.8,CVE-2022-32149,HIGH,7.5,golang: golang.org/x/text/language: ParseAcceptLanguage takes a long time to parse complex tags,,,indirect,fixed,CWE-772,2022-10-14,https://avd.aquasec.com/nvd/cve-2022-32149,patch-bump
defense-factory/ms-inventory-service,go.mod,golang.org/x/text,v0.3.0,0.39.0,CVE-2026-56852,HIGH,7.5,golang.org/x/text: golang.org/x/text: Denial of Service via invalid UTF-8 input,,,indirect,fixed,CWE-835,2026-07-21,https://avd.aquasec.com/nvd/cve-2026-56852,patch-bump
defense-factory/ms-notification-service,pom.xml,ch.qos.logback:logback-classic,1.2.11,1.2.13,CVE-2023-6378,HIGH,7.5,logback: serialization vulnerability in logback receiver,,,indirect,fixed,CWE-502,2023-11-29,https://avd.aquasec.com/nvd/cve-2023-6378,patch-bump
defense-factory/ms-notification-service,pom.xml,ch.qos.logback:logback-core,1.2.11,1.2.13,CVE-2023-6378,HIGH,7.5,logback: serialization vulnerability in logback receiver,,,indirect,fixed,CWE-502,2023-11-29,https://avd.aquasec.com/nvd/cve-2023-6378,patch-bump
defense-factory/ms-notification-service,pom.xml,ch.qos.logback:logback-core,1.2.11,1.3.15,CVE-2024-12798,MEDIUM,5.5,logback-core: arbitrary code execution via JaninoEventEvaluator,,,indirect,fixed,CWE-917,2024-12-19,https://avd.aquasec.com/nvd/cve-2024-12798,patch-bump
defense-factory/ms-notification-service,pom.xml,ch.qos.logback:logback-core,1.2.11,1.3.16,CVE-2025-11226,MEDIUM,6.4,ch.qos.logback/logback-core: Conditional abitrary code execution in logback-core,,,indirect,fixed,CWE-20,2025-10-01,https://avd.aquasec.com/nvd/cve-2025-11226,patch-bump
defense-factory/ms-notification-service,pom.xml,ch.qos.logback:logback-core,1.2.11,1.3.15,CVE-2024-12801,LOW,3.3,logback-core: SaxEventRecorder vulnerable to Server-Side Request Forgery (SSRF) attacks,,,indirect,fixed,CWE-918,2024-12-19,https://avd.aquasec.com/nvd/cve-2024-12801,patch-bump
defense-factory/ms-notification-service,pom.xml,ch.qos.logback:logback-core,1.2.11,1.5.34,CVE-2026-10532,LOW,,Deserialization of untrusted data vulnerability in QOS.CH Sarl logback ...,,,indirect,fixed,CWE-502,2026-06-01,https://avd.aquasec.com/nvd/cve-2026-10532,patch-bump
defense-factory/ms-notification-service,pom.xml,ch.qos.logback:logback-core,1.2.11,1.5.25,CVE-2026-1225,LOW,5,ch.qos.logback/logback-core: Malicious logback.xml configuration file allows instantiation of arbitrary classes,,,indirect,fixed,CWE-20,2026-01-22,https://avd.aquasec.com/nvd/cve-2026-1225,patch-bump
defense-factory/ms-notification-service,pom.xml,ch.qos.logback:logback-core,1.2.11,1.5.33,CVE-2026-9828,LOW,,Deserialization of untrusted data vulnerability in QOS.CH Sarl logback ...,,,indirect,fixed,CWE-502,2026-05-28,https://avd.aquasec.com/nvd/cve-2026-9828,patch-bump
defense-factory/ms-notification-service,pom.xml,com.fasterxml.jackson.core:jackson-core,2.13.4,2.15.0,CVE-2025-52999,HIGH,7.5,com.fasterxml.jackson.core/jackson-core: jackson-core Potential StackoverflowError,,,indirect,fixed,CWE-121,2025-06-25,https://avd.aquasec.com/nvd/cve-2025-52999,patch-bump
defense-factory/ms-notification-service,pom.xml,com.fasterxml.jackson.core:jackson-core,2.13.4,2.18.8,GHSA-r7wm-3cxj-wff9,HIGH,,jackson-core: Async parser maxNumberLength bypass via chunked digit accumulation (incomplete fix for GHSA-72hv-8253-57qq),,,indirect,fixed,,2026-07-21,https://github.com/advisories/GHSA-r7wm-3cxj-wff9,patch-bump
defense-factory/ms-notification-service,pom.xml,com.fasterxml.jackson.core:jackson-databind,2.13.0,2.13.2.1,CVE-2020-36518,HIGH,7.5,jackson-databind: denial of service via a large depth of nested objects,33,37,direct,fixed,CWE-787,2022-03-11,https://avd.aquasec.com/nvd/cve-2020-36518,patch-bump
defense-factory/ms-notification-service,pom.xml,com.fasterxml.jackson.core:jackson-databind,2.13.0,2.13.1,CVE-2021-46877,HIGH,7.5,jackson-databind: Possible DoS if using JDK serialization to serialize JsonNode,33,37,direct,fixed,CWE-770,2023-03-18,https://avd.aquasec.com/nvd/cve-2021-46877,patch-bump
defense-factory/ms-notification-service,pom.xml,com.fasterxml.jackson.core:jackson-databind,2.13.0,2.13.4.2,CVE-2022-42003,HIGH,7.5,jackson-databind: deep wrapper array nesting wrt UNWRAP_SINGLE_VALUE_ARRAYS,33,37,direct,fixed,CWE-502,2022-10-02,https://avd.aquasec.com/nvd/cve-2022-42003,patch-bump
defense-factory/ms-notification-service,pom.xml,com.fasterxml.jackson.core:jackson-databind,2.13.0,2.13.4,CVE-2022-42004,HIGH,7.5,jackson-databind: use of deeply nested arrays,33,37,direct,fixed,CWE-502,2022-10-02,https://avd.aquasec.com/nvd/cve-2022-42004,patch-bump
defense-factory/ms-notification-service,pom.xml,com.fasterxml.jackson.core:jackson-databind,2.13.0,2.18.8,CVE-2026-54512,HIGH,8.1,jackson-databind: jackson-databind: Arbitrary code execution via PolymorphicTypeValidator bypass,33,37,direct,fixed,CWE-184;CWE-502,2026-06-23,https://avd.aquasec.com/nvd/cve-2026-54512,patch-bump
defense-factory/ms-notification-service,pom.xml,com.fasterxml.jackson.core:jackson-databind,2.13.0,2.18.8,CVE-2026-54513,HIGH,8.1,jackson-databind: Jackson-databind: Security bypass allows arbitrary code execution,33,37,direct,fixed,CWE-184,2026-06-23,https://avd.aquasec.com/nvd/cve-2026-54513,patch-bump
defense-factory/ms-notification-service,pom.xml,com.fasterxml.jackson.core:jackson-databind,2.13.0,2.14.0,CVE-2026-50193,MEDIUM,7.5,jackson-databind: Jackson-databind: Denial of Service via deeply nested JSON processing,33,37,direct,fixed,CWE-400,2026-06-23,https://avd.aquasec.com/nvd/cve-2026-50193,patch-bump
defense-factory/ms-notification-service,pom.xml,com.fasterxml.jackson.core:jackson-databind,2.13.0,2.18.8,CVE-2026-54514,MEDIUM,5.3,jackson-databind: jackson-databind: Information Disclosure via Eager DNS Resolution,33,37,direct,fixed,CWE-918,2026-06-23,https://avd.aquasec.com/nvd/cve-2026-54514,patch-bump
defense-factory/ms-notification-service,pom.xml,com.fasterxml.jackson.core:jackson-databind,2.13.0,2.18.9,CVE-2026-54515,MEDIUM,5.3,jackson-databind: jackson-databind: Ignored properties can be unexpectedly modified,33,37,direct,fixed,CWE-915,2026-06-23,https://avd.aquasec.com/nvd/cve-2026-54515,patch-bump
defense-factory/ms-notification-service,pom.xml,org.apache.logging.log4j:log4j-api,2.14.1,2.25.5,CVE-2026-49844,MEDIUM,5.9,org.apache.logging.log4j/log4j-api: Apache Log4j API: Malformed JSON output due to improper encoding of floating-point values,28,32,direct,fixed,CWE-116,2026-07-10,https://avd.aquasec.com/nvd/cve-2026-49844,patch-bump
defense-factory/ms-notification-service,pom.xml,org.apache.logging.log4j:log4j-core,2.14.1,2.15.0,CVE-2021-44228,CRITICAL,10,log4j-core: Remote code execution in Log4j 2.x when logs contain an attacker-controlled string value,23,27,direct,fixed,CWE-20;CWE-400;CWE-502;CWE-917,2021-12-10,https://avd.aquasec.com/nvd/cve-2021-44228,patch-bump
defense-factory/ms-notification-service,pom.xml,org.apache.logging.log4j:log4j-core,2.14.1,2.16.0,CVE-2021-45046,CRITICAL,9,log4j-core: DoS in log4j 2.x with thread context message pattern and context lookup pattern (incomplete fix for CVE-2021-44228),23,27,direct,fixed,CWE-917,2021-12-14,https://avd.aquasec.com/nvd/cve-2021-45046,patch-bump
defense-factory/ms-notification-service,pom.xml,org.apache.logging.log4j:log4j-core,2.14.1,2.17.0,CVE-2021-45105,HIGH,5.9,log4j-core: DoS in log4j 2.x with Thread Context Map (MDC) input data contains a recursive lookup and context lookup pattern,23,27,direct,fixed,CWE-20;CWE-674,2021-12-18,https://avd.aquasec.com/nvd/cve-2021-45105,patch-bump
defense-factory/ms-notification-service,pom.xml,org.apache.logging.log4j:log4j-core,2.14.1,2.17.1,CVE-2021-44832,MEDIUM,6.6,log4j-core: remote code execution via JDBC Appender,23,27,direct,fixed,CWE-20;CWE-74,2021-12-28,https://avd.aquasec.com/nvd/cve-2021-44832,patch-bump
defense-factory/ms-notification-service,pom.xml,org.apache.logging.log4j:log4j-core,2.14.1,2.25.3,CVE-2025-68161,MEDIUM,4.8,Apache Log4j: Apache Log4j Core: Information disclosure via missing TLS hostname verification,23,27,direct,fixed,CWE-297;CWE-295,2025-12-18,https://avd.aquasec.com/nvd/cve-2025-68161,patch-bump
defense-factory/ms-notification-service,pom.xml,org.apache.logging.log4j:log4j-core,2.14.1,2.25.4,CVE-2026-34477,MEDIUM,5.9,org.apache.logging.log4j/log4j-core: Apache Log4j Core: Man-in-the-middle attack due to incomplete hostname verification,23,27,direct,fixed,CWE-297;CWE-295,2026-04-10,https://avd.aquasec.com/nvd/cve-2026-34477,patch-bump
defense-factory/ms-notification-service,pom.xml,org.apache.logging.log4j:log4j-core,2.14.1,2.25.4,CVE-2026-34480,MEDIUM,7.5,org.apache.logging.log4j/log4j-core: Apache Log4j Core: Invalid XML output causes denial of service in logging,23,27,direct,fixed,CWE-116,2026-04-10,https://avd.aquasec.com/nvd/cve-2026-34480,patch-bump
defense-factory/ms-notification-service,pom.xml,org.apache.tomcat.embed:tomcat-embed-core,9.0.68,9.0.99,CVE-2025-24813,CRITICAL,9.8,tomcat: Potential RCE and/or information disclosure and/or information corruption with partial PUT,,,indirect,fixed,CWE-44;CWE-502;CWE-706,2025-03-10,https://avd.aquasec.com/nvd/cve-2025-24813,patch-bump
defense-factory/ms-notification-service,pom.xml,org.apache.tomcat.embed:tomcat-embed-core,9.0.68,9.0.118,CVE-2026-41293,CRITICAL,7.3,tomcat-coyote: Apache Tomcat: HTTP/2 request headers not validated,,,indirect,fixed,CWE-20,2026-05-12,https://avd.aquasec.com/nvd/cve-2026-41293,patch-bump
defense-factory/ms-notification-service,pom.xml,org.apache.tomcat.embed:tomcat-embed-core,9.0.68,9.0.118,CVE-2026-43512,CRITICAL,6.5,tomcat-coyote: Apache Tomcat: Authentication bypass via digest authentication,,,indirect,fixed,CWE-592,2026-05-12,https://avd.aquasec.com/nvd/cve-2026-43512,patch-bump
defense-factory/ms-notification-service,pom.xml,org.apache.tomcat.embed:tomcat-embed-core,9.0.68,9.0.118,CVE-2026-43515,CRITICAL,5.4,tomcat-coyote: tomcat: Improper Authorization allows security bypass,,,indirect,fixed,CWE-285,2026-05-12,https://avd.aquasec.com/nvd/cve-2026-43515,patch-bump
defense-factory/ms-notification-service,pom.xml,org.apache.tomcat.embed:tomcat-embed-core,9.0.68,9.0.121,CVE-2026-65182,CRITICAL,8.2,Apache Tomcat: Apache Tomcat: Security constraint bypass due to improper access control,,,indirect,fixed,CWE-284;CWE-863,2026-08-25,https://avd.aquasec.com/nvd/cve-2026-65182,patch-bump
defense-factory/ms-notification-service,pom.xml,org.apache.tomcat.embed:tomcat-embed-core,9.0.68,9.0.121,CVE-2026-65905,CRITICAL,4.8,tomcat: Apache Tomcat: Authentication bypass via limited replay attack in DIGEST authenticator,,,indirect,fixed,CWE-294,2026-08-25,https://avd.aquasec.com/nvd/cve-2026-65905,patch-bump
defense-factory/ms-notification-service,pom.xml,org.apache.tomcat.embed:tomcat-embed-core,9.0.68,9.0.121,CVE-2026-68525,CRITICAL,6.5,org.apache.tomcat/tomcat: Apache Tomcat: Unauthorized resource access via FORM authentication bypass,,,indirect,fixed,CWE-863,2026-08-25,https://avd.aquasec.com/nvd/cve-2026-68525,patch-bump
defense-factory/ms-notification-service,pom.xml,org.apache.tomcat.embed:tomcat-embed-core,9.0.68,9.0.69,CVE-2022-45143,HIGH,7.5,tomcat: JsonErrorReportValve injection,,,indirect,fixed,CWE-116,2023-01-03,https://avd.aquasec.com/nvd/cve-2022-45143,patch-bump
defense-factory/ms-notification-service,pom.xml,org.apache.tomcat.embed:tomcat-embed-core,9.0.68,9.0.71,CVE-2023-24998,HIGH,7.5,FileUpload: FileUpload DoS with excessive parts,,,indirect,fixed,CWE-770,2023-02-20,https://avd.aquasec.com/nvd/cve-2023-24998,patch-bump
defense-factory/ms-notification-service,pom.xml,org.apache.tomcat.embed:tomcat-embed-core,9.0.68,9.0.83,CVE-2023-46589,HIGH,7.5,tomcat: HTTP request smuggling via malformed trailer headers,,,indirect,fixed,CWE-444,2023-11-28,https://avd.aquasec.com/nvd/cve-2023-46589,patch-bump
defense-factory/ms-notification-service,pom.xml,org.apache.tomcat.embed:tomcat-embed-core,9.0.68,9.0.90,CVE-2024-34750,HIGH,7.5,tomcat: Improper Handling of Exceptional Conditions,,,indirect,fixed,CWE-400;CWE-755,2024-07-03,https://avd.aquasec.com/nvd/cve-2024-34750,patch-bump
defense-factory/ms-notification-service,pom.xml,org.apache.tomcat.embed:tomcat-embed-core,9.0.68,9.0.90,CVE-2024-38286,HIGH,7.5,tomcat: Denial of Service in Tomcat,,,indirect,fixed,CWE-770,2024-11-07,https://avd.aquasec.com/nvd/cve-2024-38286,patch-bump
defense-factory/ms-notification-service,pom.xml,org.apache.tomcat.embed:tomcat-embed-core,9.0.68,9.0.98,CVE-2024-50379,HIGH,8.1,tomcat: RCE due to TOCTOU issue in JSP compilation,,,indirect,fixed,CWE-367,2024-12-17,https://avd.aquasec.com/nvd/cve-2024-50379,patch-bump
defense-factory/ms-notification-service,pom.xml,org.apache.tomcat.embed:tomcat-embed-core,9.0.68,9.0.98,CVE-2024-56337,HIGH,8.1,tomcat: Incomplete fix for CVE-2024-50379 - RCE due to TOCTOU issue in JSP compilation,,,indirect,fixed,CWE-367,2024-12-20,https://avd.aquasec.com/nvd/cve-2024-56337,patch-bump
defense-factory/ms-notification-service,pom.xml,org.apache.tomcat.embed:tomcat-embed-core,9.0.68,9.0.106,CVE-2025-48988,HIGH,5.3,tomcat: Apache Tomcat DoS in multipart upload,,,indirect,fixed,CWE-770,2025-06-16,https://avd.aquasec.com/nvd/cve-2025-48988,patch-bump
defense-factory/ms-notification-service,pom.xml,org.apache.tomcat.embed:tomcat-embed-core,9.0.68,9.0.108,CVE-2025-48989,HIGH,7.5,"tomcat: http/2 ""MadeYouReset"" DoS attack through HTTP/2 control frames",,,indirect,fixed,CWE-404,2025-08-13,https://avd.aquasec.com/nvd/cve-2025-48989,patch-bump
defense-factory/ms-notification-service,pom.xml,org.apache.tomcat.embed:tomcat-embed-core,9.0.68,9.0.107,CVE-2025-52520,HIGH,3.7,tomcat: Apache Tomcat denial of service,,,indirect,fixed,CWE-190,2025-07-10,https://avd.aquasec.com/nvd/cve-2025-52520,patch-bump
defense-factory/ms-notification-service,pom.xml,org.apache.tomcat.embed:tomcat-embed-core,9.0.68,9.0.107,CVE-2025-53506,HIGH,5.3,tomcat: Apache Tomcat denial of service,,,indirect,fixed,CWE-400,2025-07-10,https://avd.aquasec.com/nvd/cve-2025-53506,patch-bump
defense-factory/ms-notification-service,pom.xml,org.apache.tomcat.embed:tomcat-embed-core,9.0.68,9.0.109,CVE-2025-55752,HIGH,7.5,tomcat: org.apache.tomcat/tomcat-catalina: Apache Tomcat: Directory traversal via rewrite with possible RCE,,,indirect,fixed,CWE-23,2025-10-27,https://avd.aquasec.com/nvd/cve-2025-55752,patch-bump
defense-factory/ms-notification-service,pom.xml,org.apache.tomcat.embed:tomcat-embed-core,9.0.68,9.0.116,CVE-2026-24880,HIGH,4.3,Apache Tomcat: Apache Tomcat: HTTP Request/Response Smuggling via invalid chunk extension,,,indirect,fixed,CWE-444,2026-04-09,https://avd.aquasec.com/nvd/cve-2026-24880,patch-bump
defense-factory/ms-notification-service,pom.xml,org.apache.tomcat.embed:tomcat-embed-core,9.0.68,9.0.116,CVE-2026-34483,HIGH,5.4,Apache Tomcat: Apache Tomcat: Information disclosure due to improper encoding in JsonAccessLogValve,,,indirect,fixed,CWE-116,2026-04-09,https://avd.aquasec.com/nvd/cve-2026-34483,patch-bump
defense-factory/ms-notification-service,pom.xml,org.apache.tomcat.embed:tomcat-embed-core,9.0.68,9.0.117,CVE-2026-34487,HIGH,6.5,Apache Tomcat: Apache Tomcat: Information disclosure via sensitive data in log files,,,indirect,fixed,CWE-532,2026-04-09,https://avd.aquasec.com/nvd/cve-2026-34487,patch-bump
defense-factory/ms-notification-service,pom.xml,org.apache.tomcat.embed:tomcat-embed-core,9.0.68,9.0.118,CVE-2026-41284,HIGH,7.5,tomcat: Apache Tomcat: Denial of Service due to uncontrolled resource allocation,,,indirect,fixed,CWE-770,2026-05-12,https://avd.aquasec.com/nvd/cve-2026-41284,patch-bump
defense-factory/ms-notification-service,pom.xml,org.apache.tomcat.embed:tomcat-embed-core,9.0.68,9.0.118,CVE-2026-42498,HIGH,6.5,tomcat-coyote: Apache Tomcat: Information disclosure due to HTTP Authentication Header exposure during WebSocket authentication.,,,indirect,fixed,CWE-200,2026-05-12,https://avd.aquasec.com/nvd/cve-2026-42498,patch-bump
defense-factory/ms-notification-service,pom.xml,org.apache.tomcat.embed:tomcat-embed-core,9.0.68,9.0.118,CVE-2026-43513,HIGH,5.3,tomcat-catalina: Apache Tomcat: Improper Handling of Case Sensitivity in LockOutRealm,,,indirect,fixed,CWE-178,2026-05-12,https://avd.aquasec.com/nvd/cve-2026-43513,patch-bump
defense-factory/ms-notification-service,pom.xml,org.apache.tomcat.embed:tomcat-embed-core,9.0.68,9.0.80,CVE-2023-41080,MEDIUM,6.1,tomcat: Open Redirect vulnerability in FORM authentication,,,indirect,fixed,CWE-601,2023-08-25,https://avd.aquasec.com/nvd/cve-2023-41080,patch-bump
defense-factory/ms-notification-service,pom.xml,org.apache.tomcat.embed:tomcat-embed-core,9.0.68,9.0.81,CVE-2023-42795,MEDIUM,5.3,tomcat: improper cleaning of recycled objects could lead to information leak,,,indirect,fixed,CWE-459,2023-10-10,https://avd.aquasec.com/nvd/cve-2023-42795,patch-bump
defense-factory/ms-notification-service,pom.xml,org.apache.tomcat.embed:tomcat-embed-core,9.0.68,9.0.81,CVE-2023-44487,MEDIUM,7.5,HTTP/2: Multiple HTTP/2 enabled web servers are vulnerable to a DDoS attack (Rapid Reset Attack),,,indirect,fixed,CWE-400,2023-10-10,https://avd.aquasec.com/nvd/cve-2023-44487,patch-bump
defense-factory/ms-notification-service,pom.xml,org.apache.tomcat.embed:tomcat-embed-core,9.0.68,9.0.81,CVE-2023-45648,MEDIUM,5.3,tomcat: incorrectly parsed http trailer headers can cause request smuggling,,,indirect,fixed,CWE-20,2023-10-10,https://avd.aquasec.com/nvd/cve-2023-45648,patch-bump
defense-factory/ms-notification-service,pom.xml,org.apache.tomcat.embed:tomcat-embed-core,9.0.68,9.0.86,CVE-2024-24549,MEDIUM,7.5,Tomcat: HTTP/2 header handling DoS,,,indirect,fixed,CWE-20,2024-03-13,https://avd.aquasec.com/nvd/cve-2024-24549,patch-bump
defense-factory/ms-notification-service,pom.xml,org.apache.tomcat.embed:tomcat-embed-core,9.0.68,9.0.106,CVE-2025-49124,MEDIUM,8.4,Apache Tomcat installer for Windows has an untrusted search path vulnerability,,,indirect,fixed,CWE-426,2025-06-16,https://avd.aquasec.com/nvd/cve-2025-49124,patch-bump
defense-factory/ms-notification-service,pom.xml,org.apache.tomcat.embed:tomcat-embed-core,9.0.68,9.0.106,CVE-2025-49125,MEDIUM,3.7,tomcat: Apache Tomcat: Security constraint bypass for pre/post-resources,,,indirect,fixed,CWE-288,2025-06-16,https://avd.aquasec.com/nvd/cve-2025-49125,patch-bump
defense-factory/ms-notification-service,pom.xml,org.apache.tomcat.embed:tomcat-embed-core,9.0.68,9.0.107,CVE-2025-52434,MEDIUM,5.3,tomcat: Apache Tomcat denial of service,,,indirect,fixed,CWE-362,2025-07-10,https://avd.aquasec.com/nvd/cve-2025-52434,patch-bump
defense-factory/ms-notification-service,pom.xml,org.apache.tomcat.embed:tomcat-embed-core,9.0.68,9.0.106,CVE-2025-55668,MEDIUM,6.5,org.apache.tomcat/tomcat-catalina: tomcat: Apache Tomcat: session fixation via rewrite valve,,,indirect,fixed,CWE-384,2025-08-13,https://avd.aquasec.com/nvd/cve-2025-55668,patch-bump
defense-factory/ms-notification-service,pom.xml,org.apache.tomcat.embed:tomcat-embed-core,9.0.68,9.0.113,CVE-2025-66614,MEDIUM,9.1,tomcat: Client certificate verification bypass due to virtual host mapping,,,indirect,fixed,CWE-20;CWE-295,2026-02-17,https://avd.aquasec.com/nvd/cve-2025-66614,patch-bump
defense-factory/ms-notification-service,pom.xml,org.apache.tomcat.embed:tomcat-embed-core,9.0.68,9.0.116,CVE-2026-25854,MEDIUM,4.3,Apache Tomcat: Apache Tomcat: Open Redirect vulnerability via LoadBalancerDrainingValve,,,indirect,fixed,CWE-601,2026-04-09,https://avd.aquasec.com/nvd/cve-2026-25854,patch-bump
defense-factory/ms-notification-service,pom.xml,org.apache.tomcat.embed:tomcat-embed-core,9.0.68,9.0.105,CVE-2025-46701,LOW,6.5,tomcat: Apache Tomcat: Security constraint bypass for CGI scripts,,,indirect,fixed,CWE-178,2025-05-29,https://avd.aquasec.com/nvd/cve-2025-46701,patch-bump
defense-factory/ms-notification-service,pom.xml,org.apache.tomcat.embed:tomcat-embed-core,9.0.68,9.0.109,CVE-2025-55754,LOW,3.5,org.apache.tomcat/tomcat-juli: tomcat: Apache Tomcat: console manipulation,,,indirect,fixed,CWE-150,2025-10-27,https://avd.aquasec.com/nvd/cve-2025-55754,patch-bump
defense-factory/ms-notification-service,pom.xml,org.apache.tomcat.embed:tomcat-embed-core,9.0.68,9.0.110,CVE-2025-61795,LOW,5.3,tomcat: org.apache.tomcat/tomcat-catalina: Apache Tomcat: Denial of service,,,indirect,fixed,CWE-404,2025-10-27,https://avd.aquasec.com/nvd/cve-2025-61795,patch-bump
defense-factory/ms-notification-service,pom.xml,org.apache.tomcat.embed:tomcat-embed-core,9.0.68,9.0.118,CVE-2026-43514,LOW,3.7,tomcat-coyote: Apache Tomcat: Information disclosure via AJP secret timing discrepancy,,,indirect,fixed,CWE-208,2026-05-12,https://avd.aquasec.com/nvd/cve-2026-43514,patch-bump
defense-factory/ms-notification-service,pom.xml,org.apache.tomcat.embed:tomcat-embed-websocket,9.0.68,9.0.86,CVE-2024-23672,MEDIUM,7.5,Tomcat: WebSocket DoS with incomplete closing handshake,,,indirect,fixed,CWE-459,2024-03-13,https://avd.aquasec.com/nvd/cve-2024-23672,patch-bump
defense-factory/ms-notification-service,pom.xml,org.springframework.boot:spring-boot,2.7.5,3.3.11,CVE-2025-22235,HIGH,7.3,org.springframework.boot/spring-boot: Spring Boot EndpointRequest.to() creates wrong matcher if actuator endpoint is not exposed,,,indirect,fixed,CWE-20,2025-04-28,https://avd.aquasec.com/nvd/cve-2025-22235,parent-uplift
defense-factory/ms-notification-service,pom.xml,org.springframework.boot:spring-boot,2.7.5,3.5.14,CVE-2026-40973,HIGH,7,Spring Boot: Spring Boot: Arbitrary Code Execution and Session Hijacking via predictable temporary directory,,,indirect,fixed,CWE-377,2026-04-28,https://avd.aquasec.com/nvd/cve-2026-40973,parent-uplift
defense-factory/ms-notification-service,pom.xml,org.springframework.boot:spring-boot-autoconfigure,2.7.5,2.7.12,CVE-2023-20883,HIGH,7.5,spring-boot: Spring Boot Welcome Page DoS Vulnerability,,,indirect,fixed,CWE-400,2023-05-26,https://avd.aquasec.com/nvd/cve-2023-20883,parent-uplift
defense-factory/ms-notification-service,pom.xml,org.springframework.boot:spring-boot-autoconfigure,2.7.5,3.5.15,CVE-2026-41001,MEDIUM,5.3,spring-boot: Spring Boot: Local attacker can manipulate data directory due to predictable path,,,indirect,fixed,CWE-377,2026-06-11,https://avd.aquasec.com/nvd/cve-2026-41001,parent-uplift
defense-factory/ms-notification-service,pom.xml,org.springframework:spring-context,5.3.23,6.1.14,CVE-2024-38820,MEDIUM,5.3,The fix for CVE-2022-22968 made disallowedFieldspatterns in DataBinder ...,,,indirect,fixed,CWE-178,2024-10-18,https://avd.aquasec.com/nvd/cve-2024-38820,parent-uplift
defense-factory/ms-notification-service,pom.xml,org.springframework:spring-context,5.3.23,6.1.20,CVE-2025-22233,LOW,3.1,"CVE-2024-38820 ensured Locale-independent, lowercase conversion for bo ...",,,indirect,fixed,CWE-20,2025-05-16,https://avd.aquasec.com/nvd/cve-2025-22233,parent-uplift
defense-factory/ms-notification-service,pom.xml,org.springframework:spring-core,5.3.23,6.2.11,CVE-2025-41249,HIGH,7.5,org.springframework/spring-core: Spring Framework Annotation Detection Vulnerability,,,indirect,fixed,CWE-285,2025-09-16,https://avd.aquasec.com/nvd/cve-2025-41249,parent-uplift
defense-factory/ms-notification-service,pom.xml,org.springframework:spring-core,5.3.23,6.2.19,CVE-2026-41848,LOW,7.5,spring-framework: Spring Framework: Regular Expression Denial of Service in AntPathMatcher,,,indirect,fixed,CWE-1333,2026-06-09,https://avd.aquasec.com/nvd/cve-2026-41848,parent-uplift
defense-factory/ms-notification-service,pom.xml,org.springframework:spring-expression,5.3.23,5.3.27,CVE-2023-20863,HIGH,6.5,springframework: Spring Expression DoS Vulnerability,,,indirect,fixed,CWE-400;CWE-917,2023-04-13,https://avd.aquasec.com/nvd/cve-2023-20863,parent-uplift
defense-factory/ms-notification-service,pom.xml,org.springframework:spring-expression,5.3.23,,CVE-2026-41849,HIGH,5.9,spring-framework: Spring Framework: Denial of Service via integer overflow in SpEL,,,indirect,affected,CWE-190,2026-06-09,https://avd.aquasec.com/nvd/cve-2026-41849,parent-uplift
defense-factory/ms-notification-service,pom.xml,org.springframework:spring-expression,5.3.23,6.2.19,CVE-2026-41850,HIGH,5.9,spring-framework: Spring Framework: Denial of Service via specially crafted SpEL expressions,,,indirect,fixed,CWE-407,2026-06-09,https://avd.aquasec.com/nvd/cve-2026-41850,parent-uplift
defense-factory/ms-notification-service,pom.xml,org.springframework:spring-expression,5.3.23,5.3.26,CVE-2023-20861,MEDIUM,6.5,springframework: Spring Expression DoS Vulnerability,,,indirect,fixed,CWE-400,2023-03-23,https://avd.aquasec.com/nvd/cve-2023-20861,parent-uplift
defense-factory/ms-notification-service,pom.xml,org.springframework:spring-expression,5.3.23,5.3.39,CVE-2024-38808,MEDIUM,5.9,spring-expression: Denial of service when processing a specially crafted Spring Expression Language expression,,,indirect,fixed,CWE-770,2024-08-20,https://avd.aquasec.com/nvd/cve-2024-38808,parent-uplift
defense-factory/ms-notification-service,pom.xml,org.springframework:spring-expression,5.3.23,6.2.19,CVE-2026-41851,MEDIUM,7.5,Spring Framework: Spring Framework: Denial of Service via unbounded cache growth in SpEL evaluation,,,indirect,fixed,CWE-770,2026-06-09,https://avd.aquasec.com/nvd/cve-2026-41851,parent-uplift
defense-factory/ms-notification-service,pom.xml,org.springframework:spring-expression,5.3.23,6.2.19,CVE-2026-41852,LOW,5.3,spring-framework: org.springframework/spring-expression: Spring Framework: SpEL vulnerability allows unintended application logic invocation,,,indirect,fixed,CWE-863,2026-06-09,https://avd.aquasec.com/nvd/cve-2026-41852,parent-uplift
defense-factory/ms-notification-service,pom.xml,org.springframework:spring-web,5.3.23,6.0.0,CVE-2016-1000027,CRITICAL,9.8,spring: HttpInvokerServiceExporter readRemoteInvocation method untrusted java deserialization,,,indirect,fixed,CWE-502,2020-01-02,https://avd.aquasec.com/nvd/cve-2016-1000027,parent-uplift
defense-factory/ms-notification-service,pom.xml,org.springframework:spring-web,5.3.23,5.3.32,CVE-2024-22243,HIGH,3.4,springframework: URL Parsing with Host Validation,,,indirect,fixed,CWE-601,2024-02-23,https://avd.aquasec.com/nvd/cve-2024-22243,parent-uplift
defense-factory/ms-notification-service,pom.xml,org.springframework:spring-web,5.3.23,5.3.33,CVE-2024-22259,HIGH,8.1,springframework: URL Parsing with Host Validation,,,indirect,fixed,CWE-601,2024-03-16,https://avd.aquasec.com/nvd/cve-2024-22259,parent-uplift
defense-factory/ms-notification-service,pom.xml,org.springframework:spring-web,5.3.23,5.3.34,CVE-2024-22262,HIGH,8.1,springframework: URL Parsing with Host Validation,,,indirect,fixed,CWE-601;CWE-918,2024-04-16,https://avd.aquasec.com/nvd/cve-2024-22262,parent-uplift
defense-factory/ms-notification-service,pom.xml,org.springframework:spring-web,5.3.23,5.3.38,CVE-2024-38809,MEDIUM,5.3,org.springframework:spring-web: Spring Framework DoS via conditional HTTP request,,,indirect,fixed,CWE-400,2024-09-27,https://avd.aquasec.com/nvd/cve-2024-38809,parent-uplift
defense-factory/ms-notification-service,pom.xml,org.springframework:spring-web,5.3.23,6.1.14,CVE-2024-38820,MEDIUM,5.3,The fix for CVE-2022-22968 made disallowedFieldspatterns in DataBinder ...,,,indirect,fixed,CWE-178,2024-10-18,https://avd.aquasec.com/nvd/cve-2024-38820,parent-uplift
defense-factory/ms-notification-service,pom.xml,org.springframework:spring-webmvc,5.3.23,5.3.26,CVE-2023-20860,CRITICAL,7.5,springframework: Security Bypass With Un-Prefixed Double Wildcard Pattern,,,indirect,fixed,,2023-03-27,https://avd.aquasec.com/nvd/cve-2023-20860,parent-uplift
defense-factory/ms-notification-service,pom.xml,org.springframework:spring-webmvc,5.3.23,6.1.13,CVE-2024-38816,HIGH,7.5,spring-webmvc: Path Traversal Vulnerability in Spring Applications Using RouterFunctions and FileSystemResource,,,indirect,fixed,CWE-22,2024-09-13,https://avd.aquasec.com/nvd/cve-2024-38816,parent-uplift
defense-factory/ms-notification-service,pom.xml,org.springframework:spring-webmvc,5.3.23,6.1.14,CVE-2024-38819,HIGH,7.5,org.springframework:spring-webmvc: Path traversal vulnerability in functional web frameworks,,,indirect,fixed,CWE-22,2024-12-19,https://avd.aquasec.com/nvd/cve-2024-38819,parent-uplift
defense-factory/ms-notification-service,pom.xml,org.springframework:spring-webmvc,5.3.23,6.2.19,CVE-2026-41842,HIGH,5.9,spring-framework: Spring Framework: Denial of Service when resolving static resources,,,indirect,fixed,CWE-400,2026-06-09,https://avd.aquasec.com/nvd/cve-2026-41842,parent-uplift
defense-factory/ms-notification-service,pom.xml,org.springframework:spring-webmvc,5.3.23,6.2.19,CVE-2026-41845,HIGH,6.1,org.springframework: Spring Framework: Cross-site scripting (XSS) via incorrect JavaScript escaping,,,indirect,fixed,CWE-79,2026-06-09,https://avd.aquasec.com/nvd/cve-2026-41845,parent-uplift
defense-factory/ms-notification-service,pom.xml,org.springframework:spring-webmvc,5.3.23,5.3.42,CVE-2024-38828,MEDIUM,5.3,org.springframework:spring-webmvc: DoS via Spring MVC controller method with byte[] parameter,,,indirect,fixed,CWE-400,2024-11-18,https://avd.aquasec.com/nvd/cve-2024-38828,parent-uplift
defense-factory/ms-notification-service,pom.xml,org.springframework:spring-webmvc,5.3.23,6.2.10,CVE-2025-41242,MEDIUM,5.9,org.springframework/spring-webmvc: Spring Framework MVC path traversal vulnerability,,,indirect,fixed,CWE-22,2025-08-18,https://avd.aquasec.com/nvd/cve-2025-41242,parent-uplift
defense-factory/ms-notification-service,pom.xml,org.springframework:spring-webmvc,5.3.23,6.2.17,CVE-2026-22737,MEDIUM,6.5,Spring Framework: Spring Framework: Information disclosure via Java scripting engine enabled template views,,,indirect,fixed,CWE-22,2026-03-20,https://avd.aquasec.com/nvd/cve-2026-22737,parent-uplift
defense-factory/ms-notification-service,pom.xml,org.springframework:spring-webmvc,5.3.23,6.2.18,CVE-2026-22745,MEDIUM,5.3,spring-webflux: Spring MVC and Spring WebFlux: Denial of Service via slow static resource resolution on Windows,,,indirect,fixed,CWE-400,2026-04-29,https://avd.aquasec.com/nvd/cve-2026-22745,parent-uplift
defense-factory/ms-notification-service,pom.xml,org.springframework:spring-webmvc,5.3.23,6.2.19,CVE-2026-41841,MEDIUM,5.9,Spring MVC and WebFlux applications are vulnerable to Information Disc ...,,,indirect,fixed,CWE-524,2026-06-09,https://avd.aquasec.com/nvd/cve-2026-41841,parent-uplift
defense-factory/ms-notification-service,pom.xml,org.springframework:spring-webmvc,5.3.23,6.2.19,CVE-2026-41843,MEDIUM,5.9,spring-webflux: spring-webmvc: Spring Framework: Information Disclosure via Path Traversal,,,indirect,fixed,CWE-22,2026-06-09,https://avd.aquasec.com/nvd/cve-2026-41843,parent-uplift
defense-factory/ms-notification-service,pom.xml,org.springframework:spring-webmvc,5.3.23,6.2.19,CVE-2026-41844,MEDIUM,6.1,Spring Framework: Spring Framework: Open Redirect via crafted link,,,indirect,fixed,CWE-601,2026-06-09,https://avd.aquasec.com/nvd/cve-2026-41844,parent-uplift
defense-factory/ms-notification-service,pom.xml,org.springframework:spring-webmvc,5.3.23,6.2.19,CVE-2026-41846,MEDIUM,6.1,Spring Framework: Spring Framework: Cross-site scripting (XSS) via user-supplied values in JSP form tags,,,indirect,fixed,CWE-79,2026-06-09,https://avd.aquasec.com/nvd/cve-2026-41846,parent-uplift
defense-factory/ms-notification-service,pom.xml,org.springframework:spring-webmvc,5.3.23,6.2.19,CVE-2026-41853,MEDIUM,5.3,Spring Framework: Spring Framework: Request smuggling vulnerability in Spring MVC and WebFlux,,,indirect,fixed,CWE-444,2026-06-09,https://avd.aquasec.com/nvd/cve-2026-41853,parent-uplift
defense-factory/ms-notification-service,pom.xml,org.springframework:spring-webmvc,5.3.23,6.2.17,CVE-2026-22735,LOW,2.6,org.springframework/spring-webmvc: org.springframework/spring-webflux: Spring MVC and WebFlux: Stream corruption vulnerability when using Server-Sent Events,,,indirect,fixed,CWE-667,2026-03-20,https://avd.aquasec.com/nvd/cve-2026-22735,parent-uplift
defense-factory/ms-notification-service,pom.xml,org.springframework:spring-webmvc,5.3.23,6.2.18,CVE-2026-22741,LOW,5.9,Spring MVC: Spring WebFlux: Spring MVC and Spring WebFlux: Denial of Service via cache poisoning,,,indirect,fixed,CWE-524,2026-04-29,https://avd.aquasec.com/nvd/cve-2026-22741,parent-uplift
defense-factory/ms-notification-service,pom.xml,org.yaml:snakeyaml,1.30,2.0,CVE-2022-1471,HIGH,9.8,SnakeYaml: Constructor Deserialization Remote Code Execution,38,42,direct,fixed,CWE-20;CWE-502,2022-12-01,https://avd.aquasec.com/nvd/cve-2022-1471,major-bump
defense-factory/ms-notification-service,pom.xml,org.yaml:snakeyaml,1.30,1.31,CVE-2022-25857,HIGH,7.5,snakeyaml: Denial of Service due to missing nested depth limitation for collections,38,42,direct,fixed,CWE-776,2022-08-30,https://avd.aquasec.com/nvd/cve-2022-25857,major-bump
defense-factory/ms-notification-service,pom.xml,org.yaml:snakeyaml,1.30,1.31,CVE-2022-38749,MEDIUM,6.5,snakeyaml: Uncaught exception in org.yaml.snakeyaml.composer.Composer.composeSequenceNode,38,42,direct,fixed,CWE-121;CWE-787,2022-09-05,https://avd.aquasec.com/nvd/cve-2022-38749,major-bump
defense-factory/ms-notification-service,pom.xml,org.yaml:snakeyaml,1.30,1.31,CVE-2022-38750,MEDIUM,5.5,snakeyaml: Uncaught exception in org.yaml.snakeyaml.constructor.BaseConstructor.constructObject,38,42,direct,fixed,CWE-121;CWE-787,2022-09-05,https://avd.aquasec.com/nvd/cve-2022-38750,major-bump
defense-factory/ms-notification-service,pom.xml,org.yaml:snakeyaml,1.30,1.31,CVE-2022-38751,MEDIUM,6.5,snakeyaml: Uncaught exception in java.base/java.util.regex.Pattern$Ques.match,38,42,direct,fixed,CWE-121;CWE-787,2022-09-05,https://avd.aquasec.com/nvd/cve-2022-38751,major-bump
defense-factory/ms-notification-service,pom.xml,org.yaml:snakeyaml,1.30,1.32,CVE-2022-38752,MEDIUM,6.5,snakeyaml: Uncaught exception in java.base/java.util.ArrayList.hashCode,38,42,direct,fixed,CWE-121;CWE-787,2022-09-05,https://avd.aquasec.com/nvd/cve-2022-38752,major-bump
defense-factory/ms-notification-service,pom.xml,org.yaml:snakeyaml,1.30,1.32,CVE-2022-41854,MEDIUM,6.5,dev-java/snakeyaml: DoS via stack overflow,38,42,direct,fixed,CWE-121;CWE-787,2022-11-11,https://avd.aquasec.com/nvd/cve-2022-41854,major-bump
